pano,pmes,conglome,submuestra,vivienda,hogar,codperso,dominio,estrato,codpanel,p103,p104,p105,p106,p107,p108,p109a,p109b,p109c,p200n,p200i,p200a,p200b,p200bb,p200c,p200d,p200dd,p200e,p200f,p200g,p201,p202,p203,p204,p2041,p2042,p2043,p2044,p2045,p2046,p2047,p2048,p2049,p20410,p204a,p205a,p206,P206AA,p207a,p207b,p208b1,p208b2,p208b3,p209a,p209b,p209c,p209d,p209e,p209f,p209g,p209t,p209bb,p209cc,p209h,p209ee,p210,p211a,p211b,p212a,p212b,p212c,p212d,p212e,p213,p214,p215,p216,p217,p218,p219,p220,p222,P223A1,P223A2,P223A3,P223A4,P223A5,P223A6,P223A7,P224,P225,ocu200,i211a,i211b,i212a,i212b,i212c,i212d,ingtot,ingprin,resident,fa_jas16
2016,07,017260,006,0002,11,02,0,0,16071102,3,1,2, ,1,38,6,5, ,2,2,3,7,2016,9,7,2016,7,12,1977,1, , , , , , , , , , , , , ,782,4520,4,5,1,2,99,99,2011,0,9,9,9,9,9,6,51,1, ,1,1,2,300,42, , , , ,1, , , , , , , , ,5,0,0,0,0,0,0,1,5,4,1,1299,182, , , , ,1481,1481,1,361.49401084048
2016,07,017260,006,0003,11,01,0,0,16071101,1,1,2, ,1,40,6,5, ,1,2,3,7,2016,9,7,2016,26,5,1976,1, , , , , , , , , , , , , ,984,1071,4,5,2, ,99,99,2008,0,8,8,8,8,8,8,48,1, ,2,2,2,300,0, , , , ,1, , , , , , , , ,1,0,0,0,0,0,0,1,6,4,1,1299,0, , , , ,1299,1299,1,361.49401084048
2016,07,017272,006,0186,11,02,0,0,16071102,3,1,2, ,1,23,8,3, ,2,2,10,7,2016,16,7,2016,6,3,1993,1, , , , , , , , , , , , , ,522,5629,3,5,2, ,99,1,2015,10,10,10,8,10,10,10,68,1, ,1,2,4,1200,208, , ,0,0,0, , , , , , , , ,1,0,0,0,0,0,0,1,6,4,1,1200,208, , ,0,0,1408,1408,1,368.591407725778
2016,07,017272,006,0187,11,04,0,0,16071104,3,1,2, ,2,21,8,3, ,4,4,10,7,2016,16,7,2016,8,2,1995,1, , , , , , , , , , , , , ,455,8220,3,4,2, ,99,9,2015,0,8,8,8,8,8,0,40,2,48,1,2,4,1500,0, , , , ,1, , , , , , , , ,4,0,0,0,0,0,0,1,1,4,1,1500,0, , , , ,1500,1500,1,404.626550977279
2016,07,017272,006,0187,11,06,0,0,16071106,6,1,2, ,1,47,5,3, ,6,6,10,7,2016,16,7,2016,16,3,1969,1, , , , , , , , , , , , , ,861,4100,4,5,1,4,15,6,2016,0,8,8,8,8,8,6,46,1, ,2,2,2,500,0, , , , ,1, , , , , , , , ,5,0,0,0,0,0,0,1,1,1,1,2165,0, , , , ,2165,2165,1,178.721570040169
2016,07,017272,006,0201,11,03,0,0,16071103,3,1,2, ,2,22,6,5, ,3,3,10,7,2016,16,7,2016,4,12,1993,1, , , , , , , , , , , , , ,451,5610,3,5,1,5,1,7,2015,10,10,10,10,10,10,10,70,1, ,1,2,2,215,70, , , , ,1, , , , , , , , ,5,0,0,0,0,0,0,1,1,4,1,931,303, , , , ,1234,1234,1,404.626550977279
2016,07,017289,006,0132,11,01,0,0,16041101,1,1,2, ,1,38,6,5, ,1,1,17,7,2016,23,7,2016,27,3,1978,1, , , , , , , , , , , , , ,876,4210,4,5,2, ,15,1,2015,10,10,10,10,0,0,0,40,2,50,1,2,2,850,196, , , , ,1, , , , , , , , ,3,0,0,0,0,0,0,1,6,4,1,3681,849, , , , ,4530,4530,1,361.49401084048
2016,07,017289,006,0135,11,01,0,0,16041101,1,1,2, ,1,53,6,5, ,1,1,17,7,2016,23,7,2016,5,11,1962,1, , , , , , , , , , , , , ,951,8291,3,5,2, ,15,1,2015,0,8,8,8,8,8,0,40,1, ,1,2,4,1200,0, , , , ,1, , , , , , , , ,1,0,0,0,0,0,0,1,6,4,1,1200,0, , , , ,1200,1200,1,178.721570040169
2016,07,017313,006,0126,11,01,0,0,16071101,1,1,2, ,1,35,6,5, ,1,2,17,7,2016,23,7,2016,5,3,1981,1, , , , , , , , , , , , , ,852,2511,4,5,1,50,6,4,2016,0,8,8,8,8,8,8,48,1, ,1,2,2,400,42, , , , ,1, , , , , , , , ,1,0,0,0,0,0,0,1,6,4,1,1732,182, , , , ,1914,1914,1,361.49401084048
2016,07,017313,006,0139,11,02,0,0,16071102,2,1,2, ,2,28,8,3, ,2,2,10,7,2016,16,7,2016,11,5,1988,1, , , , , , , , , , , , , ,351,4772,3,5,2, ,9999,5,2014,8,8,8,8,8,0,8,48,1, ,2,2,4,1050,0, , , , ,1, , , , , , , , ,1,0,0,0,0,0,0,1,1,1,1,1050,0, , , , ,1050,1050,1,340.764980146425
2016,07,017313,006,0143,11,02,0,0,16071102,3,1,2, ,1,31,5,2, ,2,3,17,7,2016,23,7,2016,14,4,1985,1, , , , , , , , , , , , , ,421,4663,3,5,1,40,1,11,2015,0,9,9,9,9,9,7,52,1, ,1,2,4,1000,0, , , , ,1, , , , , , , , ,1,0,0,0,0,0,0,1,6,4,1,1000,0, , , , ,1000,1000,1,361.49401084048
2016,07,017313,006,0143,11,03,0,0,16071103,3,1,2, ,1,23,8,3, ,3,3,10,7,2016,16,7,2016,21,5,1993,1, , , , , , , , , , , , , ,522,5610,3,5,1,20,10,12,2015,12,12,0,0,0,12,12,48,1, ,1,2,4,1630,510, , , , ,1, , , , , , , , ,4,0,0,0,0,0,0,1,6,4,1,1630,510, , , , ,2140,2140,1,368.591407725778
2016,07,017313,006,0146,11,01,0,0,16071101,1,1,2, ,1,35,6,5, ,1,2,17,7,2016,23,7,2016,26,10,1980,1, , , , , , , , , , , , , ,831,1811,4,5,1,4,15,6,2016,0,8,8,8,8,8,8,48,1, ,2,2,2,350,0, , , , ,1, , , , , , , , ,4,0,0,0,0,0,0,1,1,1,1,1516,0, , , , ,1516,1516,1,361.49401084048
2016,07,017328,006,0010,11,01,0,0,16041101,1,1,2, ,2,38,8,3, ,1,1,26,6,2016,2,7,2016,23,9,1977,1, , , , , , , , , , , , , ,419,6419,3,5,2, ,1,3,2014,0,8,8,0,8,8,6,38,2,46,1,2,4,1800,0, , , , ,1, , , , , , , , ,1,0,0,0,0,0,0,1,6,4,1,1800,0, , , , ,1800,1800,1,340.764980146425
2016,07,017328,006,0010,11,02,0,0,16041102,3,1,2, ,2,17,6,5, ,2,2,26,6,2016,2,7,2016,16,7,1998,1, , , , , , , , , , , , , ,523,5610,3,5,1,3,15,1,2016,8,0,0,8,0,8,0,24,2,16,1,2,2,40,0, , , , ,1, , , , , , , , ,1,0,0,0,0,0,0,1,6,4,1,173,0, , , , ,173,173,1,404.626550977279
2016,07,017328,006,0011,11,03,0,0,16041103,3,1,2, ,2,19,9,2, ,3,3,26,6,2016,2,7,2016,19,9,1996,1, , , , , , , , , , , , , ,572,4771,3,5,1,4,99,99,2014,9,0,0,0,0,0,9,18,1, ,1,2,2,66,12, , , , ,1, , , , , , , , ,4,0,0,0,0,0,0,1,6,4,1,286,52, , , , ,338,338,1,406.068081577244
2016,07,017328,006,0011,11,04,0,0,16041104,3,1,2, ,1,15,5,3, ,4,4,26,6,2016,2,7,2016,23,12,2000,2,2,2,0,2,2,2,2,2,2,2,2,1,2,942,5610,5,5,1,3,1,7,2015,0,5,5,0,5,5,0,20,1, ,1,2, , , , , , , , , , , , , , , , ,5,0,0,0,0,0,0,1,6,4,1, , , , , , ,0,0,1,368.591407725778
2016,07,017328,006,0179,11,01,0,0,16041101,1,1,2, ,2,43,6,5, ,1,1,26,6,2016,2,7,2016,6,11,1972,1, , , , , , , , , , , , , ,931,4921,4,5,1,2,1,5,2016,0,0,0,10,10,10,10,40,2,60,1,2,2,240,52, , , , ,1, , , , , , , , ,4,0,0,0,0,0,0,1,6,4,1,1039,225, , , , ,1264,1264,1,340.764980146425
2016,07,017328,006,0179,11,02,0,0,16041102,3,1,2, ,1,25,7,1, ,2,2,26,6,2016,2,7,2016,23,12,1990,1, , , , , , , , , , , , , ,783,4321,4,5,1,4,15,6,2016,0,9,9,0,0,0,0,18,2,45,1,2,2,350,0, , , , ,1, , , , , , , , ,1,0,0,0,0,0,0,1,6,4,1,1516,0, , , , ,1516,1516,1,361.49401084048
2016,07,017328,006,0180,11,01,0,0,16041102,1,1,2, ,2,40,6,5, ,1,1,26,6,2016,2,7,2016,11,2,1976,1, , , , , , , , , , , , , ,942,9491,4,5,2, ,1,5,2016,0,8,0,0,0,8,8,24,1, ,1,2,4,300,0, , , , ,1, , , , , , , , ,4,0,0,0,0,0,0,1,6,4,1,300,0, , , , ,300,300,1,340.764980146425
2016,07,017345,006,0159,11,02,0,0,16041102,2,1,2, ,2,31,8,5, ,2,2,10,7,2016,16,7,2016,5,10,1984,1, , , , , , , , , , , , , ,244,8510,3,5,1,15,1,3,2016,0,7,7,7,7,7,0,35,1, ,2,2,4,1000,0, , , , ,1, , , , , , , , ,4,0,0,0,0,0,0,1,6,4,1,1000,0, , , , ,1000,1000,1,340.764980146425
2016,07,017345,006,0160,11,05,0,0,16071105,6,1,2, ,1,16,5,1, ,5,5,10,7,2016,16,7,2016,22,4,2000,2,2,2,0,2,2,2,2,2,2,2,2,1,2,942,5630,5,5,1,2,1,2,2016,4,0,0,0,0,0,6,10,1, ,2,2, , , , , , , , ,2,4,2, , , , ,1,5,0,0,0,0,0,0,1,6,4,4, , , , , , , , ,1,368.591407725778
2016,07,017345,006,0161,11,01,0,0,16041101,1,1,2, ,1,59,6,5, ,1,2,10,7,2016,16,7,2016,14,5,1957,1, , , , , , , , , , , , , ,572,4730,3,5,1,20,99,99,2006,10,10,10,10,2,10,10,62,2,48,2,2,4,1000,0, , ,0,0,0, , , , , , , , ,1,0,0,0,0,0,0,1,6,4,1,1000,0, , ,0,0,1000,1000,1,178.721570040169
2016,07,017345,006,0161,11,03,0,0,16041103,3,1,2, ,2,24,7,1, ,3,3,10,7,2016,16,7,2016,22,3,1992,1, , , , , , , , , , , , , ,768,1079,4,5,1,70,20,5,2016,0,11,11,11,11,11,8,63,1, ,1,1,4,900,0, , , , ,1, , , , , , , , ,1,0,0,0,0,0,0,1,6,4,1,900,0, , , , ,900,900,1,404.626550977279
2016,07,017370,006,0004,11,03,0,0,16071103,3,1,2, ,1,15,5,3, ,3,3,17,7,2016,23,7,2016,12,7,2001,2,2,2,0,2,2,2,2,2,2,2,2,1,2,942,5610,5,5,1,2,99,7,2015,2,2,0,0,2,2,2,10,1, ,2,2, , , , , , , , ,2,4,2, , , , ,2,4,0,0,0,0,0,0,1,1,4,4, , , , , , , , ,1,368.591407725778
2016,07,017370,006,0005,11,01,0,0,16071101,1,1,2, ,1,36,5,3, ,1,2,17,7,2016,23,7,2016,12,6,1980,1, , , , , , , , , , , , , ,766,1071,4,5,1,3,99,99,2010,0,8,8,8,8,8,8,48,1, ,2,2,2,400,6, , , , ,1, , , , , , , , ,5,0,0,0,0,0,0,1,6,4,1,1732,26, , , , ,1758,1758,1,361.49401084048
2016,07,017370,006,0005,11,03,0,0,16071103,3,1,2, ,2,15,5,3, ,3,3,17,7,2016,23,7,2016,12,2,2001,2,2,2,0,2,2,2,2,2,2,2,2,1,2,572,4711,5,5,1,2,99,99,2013,4,3,3,3,3,3,4,23,1, ,2,2, , , , , , , , , , , , , , , , ,4,0,0,0,0,0,0,1,1,4,1, , , , , , ,0,0,1,404.626550977279
2016,07,017415,006,0168,11,02,0,0,16071102,2,1,2, ,2,64,6,5, ,2,2,3,7,2016,9,7,2016,20,10,1951,1, , , , , , , , , , , , , ,522,5610,4,5,1,3,99,99,2014,0,6,6,6,0,6,6,30,1, ,2,2,1,40,7, , , , ,1, , , , , , , , ,5,0,0,0,0,0,0,1,6,4,1,1000,175, , , , ,1175,1175,1,157.420205518158
2016,07,017415,006,0168,11,03,0,0,16071103,3,1,2, ,1,33,9,2, ,3,1,3,7,2016,9,7,2016,23,5,1983,1, , , , , , , , , , , , , ,243,8521,3,5,1,30,15,3,2016,0,6,6,6,6,6,0,30,1, ,2,2,4,1000,0, , , , ,1, , , , , , , , ,5,0,0,0,0,0,0,1,6,4,1,1000,0, , , , ,1000,1000,1,361.49401084048
2016,07,017415,006,0168,11,04,0,0,16071104,3,1,2, ,1,37,10,5, ,4,4,3,7,2016,9,7,2016,4,5,1979,1, , , , , , , , , , , , , ,242,8521,3,5,1,20,6,3,2016,0,6,6,6,6,6,0,30,1, ,2,2,4,1200,0, , , , ,1, , , , , , , , ,5,0,0,0,0,0,0,1,6,4,1,1200,0, , , , ,1200,1200,1,361.49401084048
2016,07,017415,006,0171,11,01,0,0,16071101,1,1,2, ,1,35,5,2, ,1,1,3,7,2016,9,7,2016,12,1,1981,1, , , , , , , , , , , , , ,931,4921,4,5,1,2,15,4,2016,0,12,12,0,0,12,0,36,2,72,1,1,2,150,21, , , , ,1, , , , , , , , ,5,0,0,0,0,0,0,1,7,4,1,650,91, , , , ,741,741,1,361.49401084048
2016,07,017415,006,0171,11,02,0,0,16071102,2,1,2, ,2,37,5,1, ,2,2,10,7,2016,16,7,2016,20,2,1979,1, , , , , , , , , , , , , ,522,8890,4,2,2, ,15,6,2016,0,7,7,7,7,7,0,35,1, ,1,1,1,0,15, , , , ,1, , , , , , , , ,4,0,0,0,0,0,0,1,6,4,1,0,375, , , , ,375,375,1,340.764980146425
2016,07,017415,006,0172,11,02,0,0,16071102,3,1,2, ,1,26,8,3, ,2,1,3,7,2016,9,7,2016,19,7,1989,1, , , , , , , , , , , , , ,314,4520,3,5,1,20,5,10,2015,0,8,8,8,8,8,5,45,1, ,2,2,4,1300,0, , , , ,1, , , , , , , , ,1,0,0,0,0,0,0,1,6,4,1,1300,0, , , , ,1300,1300,1,361.49401084048
2016,07,017429,006,0008,11,01,0,0,16041101,1,1,2, ,2,37,6,5, ,1,1,3,7,2016,9,7,2016,16,10,1978,1, , , , , , , , , , , , , ,945,8411,4,5,2, ,99,12,2013,0,8,8,8,8,8,4,44,1, ,1,1,4,700,0, , , , ,1, , , , , , , , ,4,0,0,0,0,0,0,1,6,4,1,700,0, , , , ,700,700,1,454.3533068619
2016,07,017429,006,0008,11,02,0,0,16041102,2,1,2, ,1,41,6,5, ,2,2,3,7,2016,9,7,2016,6,12,1974,1, , , , , , , , , , , , , ,785,4390,4,5,2, ,15,2,2016,10,10,10,10,10,10,5,65,1, ,1,2,4,2000,0, , , , ,1, , , , , , , , ,1,0,0,0,0,0,0,1,6,4,1,2000,0, , , , ,2000,2000,1,481.992014453974
2016,07,017429,006,0143,11,01,0,0,16041101,1,1,2, ,1,54,6,5, ,1,2,3,7,2016,9,7,2016,24,8,1961,1, , , , , , , , , , , , , ,23,8423,3,1,2, ,99,99,1991,0,16,14,16,14,16,14,90,1, ,1,2,4,3400,81, , ,909,0,0, , , , , , , , ,4,0,0,0,0,0,0,1,6,4,1,3400,81, , ,909,0,4390,3481,1,238.295426720225
2016,07,017429,006,0143,11,02,0,0,16041102,2,1,2, ,2,50,5,3, ,2,2,3,7,2016,9,7,2016,1,2,1966,1, , , , , , , , , , , , , ,421,1030,3,5,1,70,99,99,2008,0,8,8,8,8,8,8,48,1, ,2,1,4,850,156, , , , ,1, , , , , , , , ,1,0,0,0,0,0,0,1,6,4,1,850,156, , , , ,1006,1006,1,209.893607357544
2016,07,017437,006,0005,11,04,0,0,16071104,4,1,2, ,1,42,6,5, ,4,3,17,7,2016,23,7,2016,11,10,1973,1, , , , , , , , , , , , , ,421,1073,3,5,2, ,99,99,2008,0,8,8,8,8,8,5,45,1, ,1,2,4,1300,0, , , , ,1, , , , , , , , ,1,0,0,0,0,0,0,1,6,4,1,1300,0, , , , ,1300,1300,1,361.49401084048
2016,07,017437,006,0006,11,02,0,0,16071102,2,1,2, ,2,34,4,0,6,2,2,17,7,2016,23,7,2016,23,11,1981,1, , , , , , , , , , , , , ,766,1071,5,5,1,2,99,99,2012,6,9,9,9,9,9,9,60,1, ,2,2, , , , , , , , , , , , , , , , ,4,0,0,0,0,0,0,1,3,4,1, , , , , , ,0,0,1,340.764980146425
2016,07,017437,006,0166,11,01,0,0,16071101,1,1,2, ,2,24,6,5, ,1,1,17,7,2016,23,7,2016,15,6,1992,1, , , , , , , , , , , , , ,523,5610,3,5,1,4,9999,8,2015,0,9,9,9,9,9,9,54,1, ,1,2,2,200,48, , , , ,1, , , , , , , , ,4,0,0,0,0,0,0,1,6,4,1,866,208, , , , ,1074,1074,1,404.626550977279
2016,07,017437,006,0168,11,01,0,0,16071101,1,1,2, ,1,32,4,0,6,1,1,17,7,2016,23,7,2016,23,7,1984,1, , , , , , , , , , , , , ,572,4752,3,5,1,8,11,2,2016,0,8,8,8,8,8,8,48,1, ,1,2,2,200,0, , , , ,1, , , , , , , , ,5,0,0,0,0,0,0,1,6,4,1,866,0, , , , ,866,866,1,361.49401084048
2016,07,017442,006,0137,11,02,0,0,16071102,2,1,2, ,2,45,6,5, ,2,2,26,6,2016,2,7,2016,4,9,1970,1, , , , , , , , , , , , , ,541,9602,3,5,1,2,99,99,2012,0,6,6,6,6,6,6,36,1, ,1,2,4,800,0, , , , ,1, , , , , , , , ,5,0,0,0,0,0,0,1,6,4,1,800,0, , , , ,800,800,1,157.420205518158
2016,07,017442,006,0140,11,02,0,0,16071102,3,1,2, ,2,18,6,5, ,2,2,26,6,2016,2,7,2016,28,3,1998,1, , , , , , , , , , , , , ,541,9602,3,5,1,4,2,1,2016,0,0,0,10,10,10,0,30,1, ,1,2,4,500,0, , , , ,1, , , , , , , , ,4,0,0,0,0,0,0,1,6,4,1,500,0, , , , ,500,500,1,404.626550977279
2016,07,017458,006,0154,11,01,0,0,16041101,1,1,2, ,1,65,5,4, ,1,1,17,7,2016,23,7,2016,20,8,1950,1, , , , , , , , , , , , , ,952,8521,3,5,1,25,7,2,2016,0,10,10,10,10,10,0,50,1, ,1,2,4,850,0, , , , ,1, , , , , , , , ,1,0,0,0,0,0,0,1,6,4,1,850,0, , , , ,850,850,1,178.721570040169
2016,07,017458,006,0154,11,03,0,0,16041103,3,1,2, ,1,30,10,5, ,3,2,17,7,2016,23,7,2016,22,5,1986,1, , , , , , , , , , , , , ,364,2023,3,5,2, ,99,10,2015,0,9,9,9,9,9,0,45,1, ,1,2,4,3000,0, , , , ,1, , , , , , , , ,1,0,0,0,0,0,0,1,6,4,1,3000,0, , , , ,3000,3000,1,361.49401084048
2016,07,017458,006,0154,11,04,0,0,16041104,3,1,2, ,2,32,8,3, ,4,4,17,7,2016,23,7,2016,16,10,1983,1, , , , , , , , , , , , , ,454,4922,3,5,2, ,99,99,2013,0,8,8,8,8,8,8,48,1, ,1,2,4,1100,0, , , , ,1, , , , , , , , ,1,0,0,0,0,0,0,1,6,4,1,1100,0, , , , ,1100,1100,1,340.764980146425
2016,07,017458,006,0156,11,02,0,0,16041102,2,1,2, ,1,58,3,2, ,2,2,17,7,2016,23,7,2016,13,12,1957,1, , , , , , , , , , , , , ,785,2511,4,5,1,7,99,99,1990,0,8,8,8,8,8,8,48,1, ,1,2,2,450,42, , , , ,1, , , , , , , , ,1,0,0,0,0,0,0,1,6,4,1,1949,182, , , , ,2131,2131,1,178.721570040169
2016,07,017458,006,0156,11,03,0,0,16041103,3,1,2, ,2,24,8,3, ,3,1,17,7,2016,23,7,2016,7,1,1992,1, , , , , , , , , , , , , ,511,4922,3,5,2, ,99,99,2013,0,10,10,8,8,10,10,56,1, ,1,2,4,1500,381, , , , ,1, , , , , , , , ,1,0,0,0,0,0,0,1,6,4,1,1500,381, , , , ,1881,1881,1,404.626550977279
2016,07,017458,006,0166,11,03,0,0,16041103,3,1,2, ,2,37,10,5, ,3,1,17,7,2016,23,7,2016,12,10,1978,1, , , , , , , , , , , , , ,239,8610,3,2,2, ,99,99,2010,0,12,0,12,0,12,0,36,1, ,1,2,4,2000,117, , , , ,1, , , , , , , , ,1,0,0,0,0,0,0,1,6,4,1,2000,117, , , , ,2117,2117,1,340.764980146425
2016,07,017517,006,0009,11,01,0,0,16041101,1,1,2, ,1,56,8,3, ,1,1,17,7,2016,23,7,2016,30,7,1959,1, , , , , , , , , , , , , ,313,2610,3,5,2, ,99,99,2014,0,8,8,8,8,8,6,46,1, ,1,2,4,2650,108, , , , ,1, , , , , , , , ,3,0,0,0,0,0,0,1,6,4,1,2650,108, , , , ,2758,2758,1,178.721570040169
2016,07,017517,006,0009,11,03,0,0,16041103,3,1,2, ,1,24,9,1, ,3,2,10,7,2016,16,7,2016,9,12,1991,1, , , , , , , , , , , , , ,415,4330,3,5,2, ,9999,9999,2015,0,8,8,8,8,8,0,40,1, ,1,2,3,350,0, , , , ,1, , , , , , , , ,1,0,0,0,0,0,0,1,6,4,1,700,0, , , , ,700,700,1,368.591407725778
2016,07,017517,006,0010,11,01,0,0,16041101,1,1,2, ,1,40,9,1, ,1,2,10,7,2016,16,7,2016,9,2,1976,1, , , , , , , , , , , , , ,952,9200,3,5,1,40,2,2,2015,11,11,11,0,11,11,11,66,1, ,2,2,4,1000,182, , , , ,1, , , , , , , , ,1,0,0,0,0,0,0,1,6,4,1,1000,182, , , , ,1182,1182,1,361.49401084048
2016,07,017517,006,0010,11,02,0,0,16041102,2,1,2, ,2,45,7,2, ,2,2,10,7,2016,16,7,2016,19,6,1971,1, , , , , , , , , , , , , ,523,5610,3,5,1,7,15,2,2015,0,8,8,8,8,8,0,40,1, ,1,2,3,350,130, , , , ,1, , , , , , , , ,4,0,0,0,0,0,0,1,6,4,1,700,260, , , , ,960,960,1,157.420205518158
2016,07,017517,006,0010,11,03,0,0,16041103,3,1,2, ,2,18,7,1, ,3,3,10,7,2016,16,7,2016,14,2,1998,1, , , , , , , , , , , , , ,523,5610,3,5,1,5,2,2,2016,0,8,8,8,8,8,0,40,1, ,2,2,3,250,108, , , , ,1, , , , , , , , ,4,0,0,0,0,0,0,1,6,4,1,500,216, , , , ,716,716,1,406.068081577244
2016,07,017517,006,0011,11,01,0,0,16041101,1,1,2, ,2,56,6,5, ,1,1,10,7,2016,16,7,2016,2,2,1960,1, , , , , , , , , , , , , ,945,8292,4,5,1,40,1,2,2016,0,9,9,9,9,9,9,54,1, ,1,2,2,200,0, , , , ,1, , , , , , , , ,1,0,0,0,0,0,0,1,6,4,1,866,0, , , , ,866,866,1,157.420205518158
2016,07,017517,006,0011,11,02,0,0,16041102,3,1,2, ,1,24,6,5, ,2,3,10,7,2016,16,7,2016,19,4,1992,1, , , , , , , , , , , , , ,562,8411,3,2,2, ,99,99,2011,12,12,12,12,0,12,12,72,1, ,1,2,4,1000,0, , , , ,1, , , , , , , , ,1,0,0,0,0,0,0,1,6,4,1,1000,0, , , , ,1000,1000,1,368.591407725778
2016,07,017517,006,0012,11,01,0,0,16041101,1,1,2, ,1,48,8,3, ,1,1,10,7,2016,16,7,2016,7,2,1968,1, , , , , , , , , , , , , ,423,7830,3,4,2, ,99,99,2011,0,9,9,9,9,9,5,50,1, ,1,2,4,1900,0, , , , ,1, , , , , , , , ,1,0,0,0,0,0,0,1,6,4,1,1900,0, , , , ,1900,1900,1,178.721570040169
2016,07,017517,006,0012,11,02,0,0,16041102,2,1,2, ,2,45,8,3, ,2,2,10,7,2016,16,7,2016,26,9,1970,1, , , , , , , , , , , , , ,247,8521,3,5,1,20,99,99,2000,0,8,8,0,8,8,0,32,1, ,1,2,4,850,0, , , , ,1, , , , , , , , ,1,0,0,0,0,0,0,1,6,4,1,850,0, , , , ,850,850,1,157.420205518158
2016,07,017525,006,0002,11,02,0,0,16071102,2,1,2, ,1,41,6,5, ,2,1,26,6,2016,2,7,2016,25,9,1974,1, , , , , , , , , , , , , ,885,4922,3,5,1,25,99,7,2015,0,8,8,8,8,8,8,48,1, ,1,2,4,850,0, , , , ,1, , , , , , , , ,1,0,0,0,0,0,0,1,6,4,1,850,0, , , , ,850,850,1,361.49401084048
2016,07,017525,006,0139,11,01,0,0,16071101,1,1,2, ,1,65,8,3, ,1,1,26,6,2016,2,7,2016,13,11,1950,1, , , , , , , , , , , , , ,314,8412,3,2,2, ,99,99,1987,0,8,8,0,8,8,0,32,2,40,1,2,4,1200,0, , , , ,1, , , , , , , , ,1,0,0,0,0,0,0,1,6,4,1,1200,0, , , , ,1200,1200,1,178.721570040169
2016,07,017527,006,0004,11,02,0,0,16071102,6,1,2, ,1,25,10,5, ,2,2,26,6,2016,2,7,2016,25,10,1990,1, , , , , , , , , , , , , ,523,5510,3,5,2, ,5,1,2016,6,0,0,0,12,6,12,36,1, ,1,1,2,120,30, , , , ,1, , , , , , , , ,5,0,0,0,0,0,0,1,6,4,1,520,130, , , , ,650,650,1,361.49401084048
2016,07,017535,006,0168,11,02,0,0,16041102,2,1,2, ,2,38,10,5, ,2,2,17,7,2016,23,7,2016,12,9,1977,1, , , , , , , , , , , , , ,364,5610,3,5,1,8,99,2,2014,6,8,8,8,8,8,8,54,1, ,1,2,3,750,130, , ,0,0,0, , , , , , , , ,4,0,0,0,0,0,0,1,6,4,1,1500,260, , ,0,0,1760,1760,1,340.764980146425
2016,07,017535,006,0170,11,03,0,0,16041103,3,1,2, ,2,28,9,2, ,3,3,17,7,2016,23,7,2016,11,8,1987,1, , , , , , , , , , , , , ,244,8510,3,5,1,14,15,2,2016,0,6,6,6,6,6,0,30,1, ,1,2,4,700,0, , , , ,1, , , , , , , , ,1,0,0,0,0,0,0,1,6,4,1,700,0, , , , ,700,700,1,340.764980146425
2016,07,017535,006,0171,11,01,0,0,16041101,1,1,2, ,1,56,10,5, ,1,2,17,7,2016,23,7,2016,10,11,1959,1, , , , , , , , , , , , , ,242,8521,3,2,2, ,99,99,1986,0,11,11,11,11,11,5,60,1, ,1,2,4,3200,0, , ,2500,0,0, , , , , , , , ,1,0,0,0,0,0,0,1,6,4,1,3200,0, , ,2500,0,5700,3200,1,178.721570040169
2016,07,017535,006,0171,11,03,0,0,16041103,3,1,2, ,2,27,10,5, ,3,3,17,7,2016,23,7,2016,30,6,1989,1, , , , , , , , , , , , , ,266,5811,3,5,1,25,99,8,2015,0,9,9,9,9,9,0,45,1, ,1,2,4,2858,0, , , , ,1, , , , , , , , ,1,0,0,0,0,0,0,1,6,4,1,2858,0, , , , ,2858,2858,1,340.764980146425
2016,07,017535,006,0171,11,04,0,0,16041104,3,1,2, ,1,19,9,1, ,4,4,17,7,2016,23,7,2016,15,8,1996,1, , , , , , , , , , , , , ,421,5811,3,5,1,25,10,7,2016,8,8,8,8,8,8,8,56,2,40,1,2,4,850,0, , , , ,1, , , , , , , , ,5,0,0,0,0,0,0,1,6,4,1,850,0, , , , ,850,850,1,368.591407725778
2016,07,017535,006,0189,11,02,0,0,16041102,2,1,2, ,2,51,10,5, ,2,1,17,7,2016,23,7,2016,22,5,1965,1, , , , , , , , , , , , , ,243,8521,3,5,2, ,14,3,2016,5,4,4,4,4,4,0,25,1, ,1,2,4,750,0, , ,0,0,0, , , , , , , , ,4,0,0,0,0,0,0,1,6,4,1,750,0, , ,0,0,750,750,1,157.981033873982
2016,07,017556,006,0129,11,03,0,0,16071103,3,1,2, ,1,20,6,5, ,3,3,3,7,2016,9,7,2016,14,9,1995,1, , , , , , , , , , , , , ,783,4659,4,5,1,20,12,9,2013,0,8,8,8,8,8,4,44,1, ,1,2,4,1200,0, , , , ,1, , , , , , , , ,4,0,0,0,0,0,0,1,6,4,1,1200,0, , , , ,1200,1200,1,368.591407725778
2016,07,017556,006,0130,11,01,0,0,16071101,1,1,2, ,1,58,3,4, ,1,1,3,7,2016,9,7,2016,25,11,1957,1, , , , , , , , , , , , , ,942,5610,5,5,1,2,99,99,2013,0,8,8,8,8,8,8,48,1, ,2,2, , , , , , , , , , , , , , , , ,5,0,0,0,0,0,0,1,1,1,1, , , , , , ,0,0,1,178.721570040169
2016,07,017556,006,0131,11,01,0,0,16071101,1,1,2, ,1,47,6,5, ,1,1,3,7,2016,9,7,2016,30,7,1968,1, , , , , , , , , , , , , ,984,2310,4,5,2, ,99,1,1996,0,8,8,8,8,8,0,40,1, ,1,2,3,550,49, , , , ,1, , , , , , , , ,1,0,0,0,0,0,0,1,1,4,1,1100,98, , , , ,1198,1198,1,178.721570040169
2016,07,017556,006,0131,11,02,0,0,16071102,2,1,2, ,2,43,10,5, ,2,2,3,7,2016,9,7,2016,31,1,1973,1, , , , , , , , , , , , , ,442,6910,3,5,2, ,22,4,2016,0,10,10,10,10,10,5,55,1, ,1,2,4,1500,0, , , , ,1, , , , , , , , ,5,0,0,0,0,0,0,1,6,4,1,1500,0, , , , ,1500,1500,1,340.764980146425
2016,07,017556,006,0132,11,01,0,0,16071101,1,1,2, ,2,50,8,3, ,1,1,3,7,2016,9,7,2016,1,1,1966,1, , , , , , , , , , , , , ,352,8610,3,5,2, ,99,99,2006,0,8,8,8,8,8,8,48,1, ,2,2,4,1700,0, , , , ,1, , , , , , , , ,1,0,0,0,0,0,0,1,6,4,1,1700,0, , , , ,1700,1700,1,157.420205518158
2016,07,017556,006,0132,11,03,0,0,16071103,3,1,2, ,1,24,6,5, ,3,3,3,7,2016,9,7,2016,6,10,1991,1, , , , , , , , , , , , , ,23,8423,3,1,2, ,99,99,2014,0,8,8,8,8,8,8,48,1, ,2,2,4,2000,364, , , , ,1, , , , , , , , ,4,0,0,0,0,0,0,1,6,4,1,2000,364, , , , ,2364,2364,1,368.591407725778
2016,07,017585,006,0009,11,01,0,0,16041101,1,1,2, ,1,56,8,3, ,1,2,26,6,2016,2,7,2016,25,4,1960,1, , , , , , , , , , , , , ,885,4923,4,5,1,60,9999,4,2015,10,10,10,10,10,10,0,60,1, ,2,2,4,2200,100, , , , ,1, , , , , , , , ,1,0,0,0,0,0,0,1,6,4,1,2200,100, , , , ,2300,2300,1,178.721570040169
2016,07,017585,006,0009,11,03,0,0,16041103,3,1,2, ,1,25,10,5, ,3,2,26,6,2016,2,7,2016,21,6,1991,1, , , , , , , , , , , , , ,423,8413,3,2,2, ,1,2,2016,0,8,8,0,8,8,0,32,2,40,1,2,4,2000,0, , , , ,1, , , , , , , , ,1,0,0,0,0,0,0,1,6,4,1,2000,0, , , , ,2000,2000,1,361.49401084048
2016,07,017585,006,0010,11,03,0,0,16041103,3,1,2, ,2,29,10,7, ,3,3,26,6,2016,2,7,2016,13,6,1987,1, , , , , , , , , , , , , ,235,8610,3,2,2, ,1,6,2016,3,10,10,10,10,10,3,56,1, ,1,2,4,3500,0, , ,0,0,0, , , , , , , , ,5,0,0,0,0,0,0,1,6,4,1,3500,0, , ,0,0,3500,3500,1,340.764980146425
2016,07,017585,006,0153,11,02,0,0,16041102,3,1,2, ,1,29,8,3, ,2,3,26,6,2016,2,7,2016,24,5,1987,1, , , , , , , , , , , , , ,423,7911,3,5,2, ,99,99,2011,0,8,8,8,8,4,0,36,2,40,1,2,3,700,0, , , , ,1, , , , , , , , ,3,0,0,0,0,0,0,1,6,4,1,1400,0, , , , ,1400,1400,1,361.49401084048
2016,07,017608,006,0006,11,01,0,0,16041101,1,1,2, ,1,39,6,5, ,1,1,17,7,2016,23,7,2016,14,2,1977,1, , , , , , , , , , , , , ,983,4100,4,5,1,3,14,6,2016,0,9,9,9,9,9,7,52,1, ,1,2,2,400,0, , , , ,1, , , , , , , , ,4,0,0,0,0,0,0,1,6,4,1,1732,0, , , , ,1732,1732,1,361.49401084048
2016,07,017608,006,0007,11,01,0,0,16041101,1,1,2, ,1,45,6,5, ,1,2,17,7,2016,23,7,2016,5,12,1970,1, , , , , , , , , , , , , ,785,2511,4,5,1,35,99,99,2009,0,10,10,10,10,10,8,58,1, ,1,2,2,250,0, , , , ,1, , , , , , , , ,1,0,0,0,0,0,0,1,6,4,1,1083,0, , , , ,1083,1083,1,178.721570040169
2016,07,017608,006,0007,11,03,0,0,16041103,3,1,2, ,1,19,6,5, ,3,3,17,7,2016,23,7,2016,27,1,1997,1, , , , , , , , , , , , , ,945,4669,4,5,1,8,15,6,2016,0,9,9,9,9,9,9,54,1, ,1,1,2,210,0, , , , ,1, , , , , , , , ,5,0,0,0,0,0,0,1,6,4,1,909,0, , , , ,909,909,1,368.591407725778
2016,07,017608,006,0009,11,01,0,0,16041101,1,1,2, ,1,45,4,0,6,1,1,17,7,2016,23,7,2016,8,10,1970,1, , , , , , , , , , , , , ,885,4661,4,5,1,40,24,11,2015,10,10,0,10,10,10,10,60,1, ,1,2,4,2630,0, , , , ,1, , , , , , , , ,1,0,0,0,0,0,0,1,6,4,1,2630,0, , , , ,2630,2630,1,178.721570040169
2016,07,017608,006,0010,11,02,0,0,16041102,2,1,2, ,2,48,8,3, ,2,2,17,7,2016,23,7,2016,2,11,1967,1, , , , , , , , , , , , , ,768,1020,4,5,2, ,99,99,2010,0,11,11,11,11,11,11,66,1, ,2,2,2,220,0, , , , ,1, , , , , , , , ,4,0,0,0,0,0,0,1,6,4,1,953,0, , , , ,953,953,1,157.420205518158
2016,07,017631,006,0114,11,03,0,0,16071103,3,1,2, ,1,24,6,5, ,3,3,10,7,2016,16,7,2016,23,4,1992,1, , , , , , , , , , , , , ,945,4630,3,5,1,20,15,7,2015,0,8,8,8,8,8,8,48,1, ,1,2,4,1400,0, , , , ,1, , , , , , , , ,1,0,0,0,0,0,0,1,6,4,1,1400,0, , , , ,1400,1400,1,368.591407725778
2016,07,017631,006,0115,11,01,0,0,16071101,1,1,2, ,2,45,6,5, ,1,1,10,7,2016,16,7,2016,22,5,1971,1, , , , , , , , , , , , , ,984,2220,4,5,2, ,99,99,1998,0,11,11,11,11,11,6,61,1, ,1,2,4,1200,0, , , , ,1, , , , , , , , ,1,0,0,0,0,0,0,1,6,4,1,1200,0, , , , ,1200,1200,1,157.420205518158
2016,07,017631,006,0116,11,01,0,0,16071101,1,1,2, ,1,37,3,0,2,1,1,10,7,2016,16,7,2016,9,9,1978,1, , , , , , , , , , , , , ,785,2410,4,5,1,80,11,7,2016,0,9,9,9,9,9,9,54,1, ,2,1,2,180,0, , , , ,1, , , , , , , , ,5,0,0,0,0,0,0,1,1,1,1,779,0, , , , ,779,779,1,361.49401084048
2016,07,017648,006,0144,11,01,0,0,16071101,1,1,2, ,1,46,6,5, ,1,5,26,6,2016,2,7,2016,25,1,1970,1, , , , , , , , , , , , , ,952,9499,3,5,1,8,99,99,2008,0,12,12,12,12,12,12,72,1, ,1,2,4,1100,0, , , , ,1, , , , , , , , ,1,0,0,0,0,0,0,1,6,4,1,1100,0, , , , ,1100,1100,1,178.721570040169
2016,07,017648,006,0144,11,02,0,0,16071102,2,1,2, ,2,46,5,3, ,2,2,26,6,2016,2,7,2016,7,7,1970,1, , , , , , , , , , , , , ,247,8510,3,5,1,4,1,3,2016,0,6,6,0,6,6,0,24,2,30,1,2,4,600,0, , , , ,1, , , , , , , , ,1,0,0,0,0,0,0,1,6,4,1,600,0, , , , ,600,600,1,157.420205518158
2016,07,017648,006,0144,11,03,0,0,16071103,3,1,2, ,2,17,6,5, ,3,3,26,6,2016,2,7,2016,6,10,1998,1, , , , , , , , , , , , , ,247,8510,3,5,1,4,1,3,2016,0,6,6,0,6,6,0,24,2,30,1,2,4,350,0, , , , ,1, , , , , , , , ,1,0,0,0,0,0,0,1,6,4,1,350,0, , , , ,350,350,1,404.626550977279
2016,07,017648,006,0144,11,05,0,0,16071105,3,1,2, ,2,26,6,5, ,5,5,26,6,2016,2,7,2016,15,9,1989,1, , , , , , , , , , , , , ,247,8510,3,5,1,15,1,3,2016,0,6,6,0,6,6,0,24,2,30,1,2,4,400,0, , , , ,1, , , , , , , , ,4,0,0,0,0,0,0,1,6,4,1,400,0, , , , ,400,400,1,340.764980146425
2016,07,017648,006,0145,11,01,0,0,16041101,1,1,2, ,1,41,6,5, ,1,2,26,6,2016,2,7,2016,16,4,1975,1, , , , , , , , , , , , , ,778,3100,4,5,1,65,99,99,2015,0,8,8,0,8,8,6,38,2,46,1,2,3,480,0, , , , ,1, , , , , , , , ,1,0,0,0,0,0,0,1,6,4,1,960,0, , , , ,960,960,1,361.49401084048
2016,07,017648,006,0145,11,02,0,0,16041102,2,1,2, ,2,38,6,5, ,2,2,26,6,2016,2,7,2016,14,12,1977,1, , , , , , , , , , , , , ,523,5610,3,5,1,4,99,99,2014,0,8,0,8,0,0,8,24,1, ,1,2,2,90,24, , , , ,1, , , , , , , , ,4,0,0,0,0,0,0,1,6,4,1,390,104, , , , ,494,494,1,340.764980146425
2016,07,017648,006,0147,11,01,0,0,16041101,1,1,2, ,1,46,7,2, ,1,2,26,6,2016,2,7,2016,16,5,1970,1, , , , , , , , , , , , , ,783,8411,4,2,2, ,15,6,2015,8,8,8,9,14,14,9,70,1, ,1,2,4,1500,0, , ,800,0,0, , , , , , , , ,1,0,0,0,0,0,0,1,6,4,1,1500,0, , ,800,0,2300,1500,1,178.721570040169
2016,07,017648,006,0147,11,03,0,0,16041103,3,1,2, ,2,18,6,5, ,3,2,26,6,2016,2,7,2016,21,8,1997,1, , , , , , , , , , , , , ,451,4630,3,5,1,10,15,6,2016,5,10,10,10,10,10,10,65,1, ,1,2,2,200,0, , , , ,1, , , , , , , , ,4,0,0,0,0,0,0,1,6,4,1,866,0, , , , ,866,866,1,404.626550977279
2016,07,017648,006,0147,11,04,0,0,16041104,3,1,2, ,1,17,5,3, ,4,4,26,6,2016,2,7,2016,29,3,1999,1, , , , , , , , , , , , , ,783,9521,4,5,1,2,1,5,2016,8,0,0,8,0,0,8,24,2,16,1,2,2,60,0, , , , ,1, , , , , , , , ,4,0,0,0,0,0,0,1,6,4,1,260,0, , , , ,260,260,1,368.591407725778
2016,07,017661,006,0009,11,01,0,0,16071101,1,1,2, ,1,47,6,5, ,1,1,17,7,2016,23,7,2016,25,3,1969,1, , , , , , , , , , , , , ,421,4719,3,5,2, ,99,99,2013,0,10,10,10,10,10,6,56,1, ,1,2,4,1800,150, , , , ,1, , , , , , , , ,1,0,0,0,0,0,0,1,6,4,1,1800,150, , , , ,1950,1950,1,178.721570040169
2016,07,017661,006,0010,11,01,0,0,16071101,1,1,2, ,1,30,8,3, ,1,1,17,7,2016,23,7,2016,27,8,1985,1, , , , , , , , , , , , , ,782,4329,4,5,2, ,99,99,2006,0,8,8,8,8,8,5,45,1, ,1,2,4,2200,0, , , , ,1, , , , , , , , ,1,0,0,0,0,0,0,1,6,4,1,2200,0, , , , ,2200,2200,1,361.49401084048
2016,07,017661,006,0014,11,01,0,0,16071101,1,1,2, ,1,51,5,3, ,1,1,17,7,2016,23,7,2016,10,4,1965,1, , , , , , , , , , , , , ,782,4329,4,5,2, ,99,99,2006,0,8,8,8,8,8,8,48,1, ,2,2,4,2000,0, , , , ,1, , , , , , , , ,1,0,0,0,0,0,0,1,6,4,1,2000,0, , , , ,2000,2000,1,178.721570040169
2016,07,017661,006,0182,11,02,0,0,16071102,6,1,2, ,1,24,6,5, ,2,2,17,7,2016,23,7,2016,3,1,1992,1, , , , , , , , , , , , , ,983,4100,4,5,1,2,1,6,2016,0,8,8,8,8,8,8,48,1, ,1,2,2,350,48, , , , ,1, , , , , , , , ,5,0,0,0,0,0,0,1,3,4,1,1516,208, , , , ,1724,1724,1,368.591407725778
2016,07,017661,006,0182,11,03,0,0,16071103,6,1,2, ,2,19,6,5, ,3,3,17,7,2016,23,7,2016,15,10,1996,1, , , , , , , , , , , , , ,523,5610,3,5,1,3,15,6,2016,0,8,8,8,8,8,8,48,1, ,2,2,2,180,42, , , , ,1, , , , , , , , ,5,0,0,0,0,0,0,1,3,4,1,779,182, , , , ,961,961,1,404.626550977279
2016,07,017683,006,0140,11,02,0,0,16041102,2,1,2, ,1,40,8,3, ,2,2,3,7,2016,9,7,2016,13,6,1976,1, , , , , , , , , , , , , ,885,4923,4,5,1,20,11,8,2015,0,9,9,9,9,9,9,54,1, ,1,2,4,1350,87, , , , ,1, , , , , , , , ,1,0,0,0,0,0,0,1,6,4,1,1350,87, , , , ,1437,1437,1,361.49401084048
2016,07,017683,006,0141,12,01,0,0,16041201,1,1,2, ,1,52,4,5, ,1,1,3,7,2016,9,7,2016,24,3,1964,1, , , , , , , , , , , , , ,971,145,4,5,1,3,9999,9999,2014,0,9,9,9,9,9,8,53,1, ,2,2,2,300,48, , , , ,1, , , , , , , , ,4,0,0,0,0,0,0,1,1,1,1,1299,208, , , , ,1507,1507,1,178.721570040169
2016,07,017683,006,0141,12,04,0,0,16041204,3,1,2, ,1,22,4,0,6,4,4,3,7,2016,9,7,2016,19,10,1993,1, , , , , , , , , , , , , ,942,5629,4,5,1,15,99,99,2011,0,12,12,12,12,12,12,72,2,48,1,2,2,400,114, , , , ,1, , , , , , , , ,5,0,0,0,0,0,0,1,1,4,1,1732,494, , , , ,2226,2226,1,368.591407725778
2016,07,017683,006,0141,22,01,0,0,16042201,1,1,2, ,1,31,6,5, ,1,1,3,7,2016,9,7,2016,15,1,1985,1, , , , , , , , , , , , , ,522,5629,4,5,1,25,9999,9999,2004,0,9,9,9,9,9,9,54,1, ,2,2,2,400,60, , , , ,1, , , , , , , , ,1,0,0,0,0,0,0,1,1,1,1,1732,260, , , , ,1992,1992,1,361.49401084048
2016,07,017683,006,0142,11,01,0,0,16041101,1,1,2, ,2,47,8,5, ,1,1,3,7,2016,9,7,2016,29,1,1969,1, , , , , , , , , , , , , ,242,8521,3,5,1,20,3,3,2016,0,6,6,6,6,6,0,30,1, ,2,2,4,1000,0, , , , ,1, , , , , , , , ,1,0,0,0,0,0,0,1,6,4,1,1000,0, , , , ,1000,1000,1,157.420205518158
2016,07,017683,006,0142,11,02,0,0,16041102,3,1,2, ,2,20,9,4, ,2,2,3,7,2016,9,7,2016,22,9,1995,1, , , , , , , , , , , , , ,242,8521,3,5,1,20,15,3,2016,0,0,7,0,0,7,0,14,1, ,2,2,4,400,0, , , , ,1, , , , , , , , ,5,0,0,0,0,0,0,1,6,4,1,400,0, , , , ,400,400,1,404.626550977279
2016,07,017708,006,0001,11,03,0,0,16071103,3,1,2, ,1,15,5,3, ,3,3,26,6,2016,2,7,2016,7,3,2001,2,2,2,0,2,2,2,2,2,2,2,2,1,2,572,4711,5,5,1,3,15,2,2016,2,5,5,5,5,5,5,32,1, ,1,2, , , , , , , , , , , , , , , , ,4,0,0,0,0,0,0,1,6,4,1, , , , , , ,0,0,1,368.591407725778
2016,07,017708,006,0003,11,01,0,0,16071101,1,1,2, ,1,45,6,5, ,1,2,26,6,2016,2,7,2016,12,8,1970,1, , , , , , , , , , , , , ,983,4100,4,5,1,3,1,6,2016,0,8,8,8,8,8,8,48,1, ,1,2,2,300,0, , , , ,1, , , , , , , , ,5,0,0,0,0,0,0,1,6,4,1,1299,0, , , , ,1299,1299,1,178.721570040169
2016,07,017708,006,0005,11,03,0,0,16071103,4,1,2, ,2,28,8,3, ,3,3,26,6,2016,2,7,2016,28,8,1987,2,2,2,0,2,2,2,2,2,2,2,2,1,2,792,3211,5,5,1,2,99,99,2009,0,5,5,5,5,5,5,30,1, ,1,2, , , , , , , , , , , , , , , , ,4,0,0,0,0,0,0,1,6,4,1, , , , , , ,0,0,1,340.764980146425
2016,07,017716,006,0153,11,01,0,0,16041101,1,1,2, ,1,60,10,5, ,1,1,10,7,2016,16,7,2016,4,8,1955,2,2,2,0,2,2,2,2,2,2,2,2,1,2,942,5630,5,5,1,2,15,6,2016,9,9,0,9,9,9,9,54,1, ,1,1, , , , , , , , , , , , , , , , ,5,0,0,0,0,0,0,1,6,4,1, , , , , , ,0,0,1,178.721570040169
2016,07,017716,006,0153,11,03,0,0,16041103,3,1,2, ,1,19,6,5, ,3,3,10,7,2016,16,7,2016,8,2,1997,1, , , , , , , , , , , , , ,523,5610,3,5,2, ,11,4,2016,8,0,0,0,8,0,8,24,1, ,2,2,4,365,130, , , , ,1, , , , , , , , ,4,0,0,0,0,0,0,1,6,4,1,365,130, , , , ,495,495,1,369.904558807529
2016,07,017716,006,0155,11,01,0,0,16041201,1,1,2, ,1,30,6,5, ,1,1,10,7,2016,16,7,2016,15,9,1985,1, , , , , , , , , , , , , ,961,8129,4,5,2, ,15,3,2016,0,8,8,8,8,8,8,48,1, ,1,2,4,1000,0, , , , ,1, , , , , , , , ,1,0,0,0,0,0,0,1,6,4,1,1000,0, , , , ,1000,1000,1,361.49401084048
2016,07,017716,006,0162,11,02,0,0,16041102,2,1,2, ,2,27,6,5, ,2,2,17,7,2016,23,7,2016,26,5,1989,1, , , , , , , , , , , , , ,541,9602,3,5,1,2,99,99,2008,10,10,10,0,10,10,10,60,1, ,2,2,2,320,0, , , , ,1, , , , , , , , ,5,0,0,0,0,0,0,1,6,4,1,1386,0, , , , ,1386,1386,1,340.764980146425
2016,07,017729,006,0007,11,01,0,0,16071101,1,1,2, ,1,42,5,1, ,1,1,3,7,2016,9,7,2016,10,9,1973,1, , , , , , , , , , , , , ,942,8121,4,4,2, ,99,99,2014,0,8,8,8,8,8,5,45,1, ,1,2,4,1200,0, , , , ,1, , , , , , , , ,1,0,0,0,0,0,0,1,6,4,1,1200,0, , , , ,1200,1200,1,361.49401084048
2016,07,017729,006,0008,11,02,0,0,16071102,2,1,2, ,2,33,8,3, ,2,2,3,7,2016,9,7,2016,28,6,1983,1, , , , , , , , , , , , , ,572,4761,5,5,1,3,99,99,2010,0,8,8,8,8,8,8,48,1, ,2,2, , , , , , , , , , , , , , , , ,5,0,0,0,0,0,0,1,6,4,1, , , , , , ,0,0,1,340.764980146425
2016,07,017729,006,0009,11,01,0,0,16071101,1,1,2, ,1,37,6,5, ,1,1,3,7,2016,9,7,2016,28,7,1978,1, , , , , , , , , , , , , ,861,3520,4,5,2, ,5,1,2016,10,8,14,8,13,8,10,71,1, ,1,2,2,550,0, , ,1126,0,0, , , , , , , , ,1,0,0,0,0,0,0,1,6,4,1,2382,0, , ,1126,0,3508,2382,1,361.49401084048
2016,07,017729,006,0009,11,02,0,0,16071102,2,1,2, ,2,28,5,1, ,2,2,3,7,2016,9,7,2016,12,11,1987,1, , , , , , , , , , , , , ,523,5610,3,5,1,20,99,99,2010,14,6,6,6,14,14,14,74,1, ,2,2,2,240,28, , ,866,10,0, , , , , , , , ,5,0,0,0,0,0,0,1,1,1,1,1039,121, , ,866,10,2036,1160,1,340.764980146425
2016,07,017737,006,0001,11,02,0,0,16041102,6,1,2, ,2,22,6,5, ,2,2,17,7,2016,23,7,2016,18,3,1994,1, , , , , , , , , , , , , ,523,5610,3,5,1,4,99,99,2014,0,8,8,8,8,8,8,48,1, ,1,2,2,200,48, , , , ,1, , , , , , , , ,5,0,0,0,0,0,0,1,6,4,1,866,208, , , , ,1074,1074,1,404.626550977279
2016,07,017737,006,0002,11,01,0,0,16041101,1,1,2, ,1,36,6,5, ,1,2,17,7,2016,23,7,2016,18,5,1980,1, , , , , , , , , , , , , ,952,9200,3,5,1,20,1,6,2016,0,12,12,12,12,12,12,72,1, ,1,2,4,1200,0, , , , ,1, , , , , , , , ,1,0,0,0,0,0,0,1,6,4,1,1200,0, , , , ,1200,1200,1,361.49401084048
2016,07,017737,006,0004,11,01,0,0,16041101,1,1,2, ,1,44,5,2, ,1,2,17,7,2016,23,7,2016,17,1,1972,1, , , , , , , , , , , , , ,983,4100,4,5,1,3,15,7,2016,0,9,9,9,9,9,9,54,1, ,1,2,2,400,0, , , , ,1, , , , , , , , ,4,0,0,0,0,0,0,1,6,4,1,1732,0, , , , ,1732,1732,1,361.49401084048
2016,07,017737,006,0147,11,04,0,0,16041104,6,1,2, ,2,20,6,5, ,4,4,17,7,2016,23,7,2016,30,7,1995,1, , , , , , , , , , , , , ,574,4789,3,5,1,3,15,2,2016,10,10,10,0,10,10,10,60,1, ,1,2,2,180,54, , , , ,1, , , , , , , , ,5,0,0,0,0,0,0,1,6,4,1,779,234, , , , ,1013,1013,1,406.068081577244
2016,07,017746,006,0016,11,01,0,0,16071101,1,1,2, ,2,26,10,5, ,1,1,10,7,2016,16,7,2016,28,11,1989,1, , , , , , , , , , , , , ,341,7110,3,5,1,25,5,11,2015,0,8,8,8,8,8,0,40,1, ,2,2,4,1400,108, , , , ,1, , , , , , , , ,4,0,0,0,0,0,0,1,6,4,1,1400,108, , , , ,1508,1508,1,454.3533068619
2016,07,017746,006,0019,11,01,0,0,16071101,1,1,2, ,1,50,7,2, ,1,1,10,7,2016,16,7,2016,19,2,1966,1, , , , , , , , , , , , , ,885,8411,4,2,2, ,99,99,2012,13,13,13,7,13,13,13,85,1, ,1,2,4,1800,0, , ,758,0,0, , , , , , , , ,1,0,0,0,0,0,0,1,6,4,1,1800,0, , ,758,0,2558,1800,1,238.295426720225
2016,07,017746,006,0019,11,02,0,0,16071102,3,1,2, ,1,19,6,5, ,2,1,10,7,2016,16,7,2016,28,7,1996,1, , , , , , , , , , , , , ,945,8411,4,2,2, ,99,10,2014,14,14,14,14,14,10,14,94,1, ,1,2,4,850,0, , ,1061,0,0, , , , , , , , ,1,0,0,0,0,0,0,1,6,4,1,850,0, , ,1061,0,1911,850,1,491.455210301038
2016,07,017755,006,0115,11,02,0,0,16041102,2,1,2, ,1,24,6,5, ,2,1,26,6,2016,2,7,2016,22,10,1991,1, , , , , , , , , , , , , ,877,1312,4,5,2, ,1,6,2016,5,9,9,9,9,9,9,59,1, ,1,2,2,320,0, , , , ,1, , , , , , , , ,1,0,0,0,0,0,0,1,6,4,1,1386,0, , , , ,1386,1386,1,368.591407725778
2016,07,017755,006,0115,11,03,0,0,16041103,3,1,2, ,1,17,6,5, ,3,3,26,6,2016,2,7,2016,1,1,1999,1, , , , , , , , , , , , , ,983,4100,4,5,1,3,15,6,2016,6,0,0,0,0,0,6,12,1, ,1,2,2,30,0, , , , ,1, , , , , , , , ,1,0,0,0,0,0,0,1,6,4,1,130,0, , , , ,130,130,1,368.591407725778
2016,07,017755,006,0116,11,02,0,0,16041102,2,1,2, ,2,33,8,3, ,2,2,26,6,2016,2,7,2016,11,11,1982,1, , , , , , , , , , , , , ,243,8521,3,5,1,25,1,3,2016,0,6,6,6,6,6,0,30,1, ,1,2,4,850,0, , , , ,1, , , , , , , , ,5,0,0,0,0,0,0,1,6,4,1,850,0, , , , ,850,850,1,340.764980146425
2016,07,017755,006,0117,11,01,0,0,16041101,1,1,2, ,2,41,7,2, ,1,1,26,6,2016,2,7,2016,21,2,1975,1, , , , , , , , , , , , , ,112,8411,3,2,2, ,1,1,2015,0,9,8,6,8,8,6,45,1, ,1,2,4,2730,0, , , , ,1, , , , , , , , ,5,0,0,0,0,0,0,1,1,4,1,2730,0, , , , ,2730,2730,1,340.764980146425
2016,07,017769,006,0136,11,03,0,0,16071103,3,1,2, ,1,22,6,5, ,3,1,17,7,2016,23,7,2016,12,5,1994,1, , , , , , , , , , , , , ,421,4210,3,5,2, ,99,99,2013,0,8,8,8,8,8,8,48,1, ,1,2,4,1200,0, , , , ,1, , , , , , , , ,1,0,0,0,0,0,0,1,6,4,1,1200,0, , , , ,1200,1200,1,368.591407725778
2016,07,017769,006,0137,11,01,0,0,16071101,1,1,2, ,1,39,6,5, ,1,2,17,7,2016,23,7,2016,8,2,1977,1, , , , , , , , , , , , , ,984,2220,4,5,2, ,99,99,2014,0,8,8,8,8,8,5,45,1, ,1,2,4,1100,152, , , , ,1, , , , , , , , ,1,0,0,0,0,0,0,1,6,4,1,1100,152, , , , ,1252,1252,1,361.49401084048
2016,07,017769,006,0138,11,03,0,0,16071103,3,1,2, ,1,16,5,4, ,3,3,17,7,2016,23,7,2016,15,8,1999,1, , , , , , , , , , , , , ,951,5510,4,5,1,15,1,1,2016,11,0,11,11,11,11,11,66,1, ,2,2,3,570,0, , , , ,1, , , , , , , , ,1,0,0,0,0,0,0,1,6,4,1,1140,0, , , , ,1140,1140,1,368.591407725778
2016,07,017769,006,0139,11,01,0,0,16071101,1,1,2, ,1,23,6,5, ,1,2,17,7,2016,23,7,2016,22,12,1992,1, , , , , , , , , , , , , ,564,8010,3,4,2, ,1,5,2016,0,12,12,12,12,12,12,72,1, ,1,2,4,1200,0, , , , ,1, , , , , , , , ,1,0,0,0,0,0,0,1,6,4,1,1200,0, , , , ,1200,1200,1,368.591407725778
2016,07,017769,006,0139,11,02,0,0,16071102,6,1,2, ,1,20,5,4, ,2,2,17,7,2016,23,7,2016,22,11,1995,1, , , , , , , , , , , , , ,864,4100,4,5,1,3,99,99,2014,0,8,8,8,8,8,8,48,1, ,1,2,2,300,0, , , , ,1, , , , , , , , ,5,0,0,0,0,0,0,1,6,4,1,1299,0, , , , ,1299,1299,1,368.591407725778
2016,07,017779,006,0125,11,01,0,0,16041101,1,1,2, ,1,35,6,5, ,1,2,10,7,2016,16,7,2016,20,3,1981,1, , , , , , , , , , , , , ,812,2220,4,5,2, ,99,99,2005,0,8,8,8,8,8,8,48,1, ,1,2,4,1300,0, , , , ,1, , , , , , , , ,1,0,0,0,0,0,0,1,6,4,1,1300,0, , , , ,1300,1300,1,361.49401084048
2016,07,017779,006,0131,11,01,0,0,16041101,1,1,2, ,1,30,6,5, ,1,1,3,7,2016,9,7,2016,4,2,1986,1, , , , , , , , , , , , , ,574,4781,3,5,1,2,15,4,2016,8,0,8,8,8,8,8,48,1, ,2,2,2,280,42, , , , ,1, , , , , , , , ,4,0,0,0,0,0,0,1,7,4,1,1212,182, , , , ,1394,1394,1,361.49401084048
2016,07,017779,006,0133,11,01,0,0,16041101,1,1,2, ,1,53,5,1, ,1,2,10,7,2016,16,7,2016,20,2,1963,1, , , , , , , , , , , , , ,983,4100,4,5,1,2,4,7,2016,0,8,8,8,8,8,8,48,1, ,1,2,2,380,0, , , , ,1, , , , , , , , ,5,0,0,0,0,0,0,1,6,4,1,1645,0, , , , ,1645,1645,1,178.721570040169
2016,07,017827,006,0001,11,03,0,0,16071103,3,1,2, ,2,25,10,5, ,3,1,17,7,2016,23,7,2016,17,6,1991,1, , , , , , , , , , , , , ,423,7830,3,4,2, ,15,2,2015,0,8,8,8,8,8,0,40,1, ,1,2,4,2000,0, , , , ,1, , , , , , , , ,1,0,0,0,0,0,0,1,6,4,1,2000,0, , , , ,2000,2000,1,340.764980146425
2016,07,017827,006,0001,11,04,0,0,16071104,3,1,2, ,1,17,6,5, ,4,1,17,7,2016,23,7,2016,2,8,1998,2,2,2,0,2,2,2,2,2,2,2,2,1,2,572,4711,5,5,1,3,99,99,2014,0,3,3,3,3,3,4,19,1, ,2,2, , , , , , , , , , , , , , , , ,1,0,0,0,0,0,0,1,6,4,1, , , , , , ,0,0,1,368.591407725778
2016,07,017827,006,0004,11,04,0,0,16071104,3,1,2, ,1,30,6,5, ,4,4,17,7,2016,23,7,2016,12,12,1985,1, , , , , , , , , , , , , ,574,4781,3,5,1,2,15,4,2015,6,0,6,6,6,6,6,36,1, ,1,2,1,30,5, , , , ,1, , , , , , , , ,4,0,0,0,0,0,0,1,6,4,1,750,125, , , , ,875,875,1,361.49401084048
2016,07,017827,006,0004,11,05,0,0,16071105,3,1,2, ,1,22,6,5, ,5,5,17,7,2016,23,7,2016,3,9,1993,1, , , , , , , , , , , , , ,983,4100,4,5,1,5,15,5,2016,0,8,8,8,8,8,8,48,1, ,2,2,2,300,42, , , , ,1, , , , , , , , ,4,0,0,0,0,0,0,1,6,5,1,1299,182, , , , ,1481,1481,1,368.591407725778
2016,07,017827,006,0004,11,07,0,0,16071107,4,1,2, ,1,30,6,5, ,7,2,17,7,2016,23,7,2016,25,12,1985,1, , , , , , , , , , , , , ,861,4100,4,5,1,3,15,4,2016,0,8,8,8,8,8,8,48,1, ,1,2,2,400,0, , , , ,1, , , , , , , , ,4,0,0,0,0,0,0,1,6,4,1,1732,0, , , , ,1732,1732,1,361.49401084048
2016,07,017827,006,0004,11,10,0,0,16071110,6,1,2, ,1,19,6,5, ,10,10,17,7,2016,23,7,2016,11,3,1997,1, , , , , , , , , , , , , ,945,4663,4,5,2, ,15,3,2016,0,8,8,8,8,8,8,48,1, ,1,2,3,460,0, , , , ,1, , , , , , , , ,1,0,0,0,0,0,0,1,6,4,1,920,0, , , , ,920,920,1,368.591407725778
2016,07,017828,006,0123,11,01,0,0,16071101,1,1,2, ,1,41,6,5, ,1,1,3,7,2016,9,7,2016,29,5,1975,1, , , , , , , , , , , , , ,885,4923,4,5,1,50,99,10,2015,0,12,12,12,12,12,12,72,1, ,2,2,2,600,0, , , , ,1, , , , , , , , ,1,0,0,0,0,0,0,1,6,4,1,2598,0, , , , ,2598,2598,1,361.49401084048
2016,07,017828,006,0123,11,03,0,0,16071103,3,1,2, ,1,23,9,3, ,3,3,3,7,2016,9,7,2016,26,2,1993,1, , , , , , , , , , , , , ,421,5914,3,5,2, ,10,6,2016,4,4,4,0,4,4,4,24,1, ,2,2,4,400,0, , , , ,1, , , , , , , , ,1,0,0,0,0,0,0,1,6,4,1,400,0, , , , ,400,400,1,368.591407725778
2016,07,017828,006,0135,11,01,0,0,16071101,1,1,2, ,1,34,5,3, ,1,1,3,7,2016,9,7,2016,5,10,1981,1, , , , , , , , , , , , , ,942,8411,4,2,2, ,99,99,2009,0,8,8,8,13,8,5,50,1, ,1,2,4,1600,0, , ,700,0,0, , , , , , , , ,1,0,0,0,0,0,0,1,6,4,1,1600,0, , ,700,0,2300,1600,1,361.49401084048
2016,07,017828,006,0135,11,02,0,0,16071102,6,1,2, ,1,39,5,3, ,2,2,3,7,2016,9,7,2016,15,3,1977,1, , , , , , , , , , , , , ,851,4330,4,5,1,3,99,99,2010,0,10,10,10,10,10,5,55,1, ,2,2,2,600,66, , , , ,1, , , , , , , , ,5,0,0,0,0,0,0,1,6,4,1,2598,286, , , , ,2884,2884,1,361.49401084048
2016,07,017828,006,0135,11,04,0,0,16071104,9,1,2, ,1,43,6,5, ,4,3,3,7,2016,9,7,2016,7,1,1973,1, , , , , , , , , , , , , ,982,8411,4,5,2, ,99,6,2015,0,8,8,8,8,8,5,45,1, ,1,2,4,1500,0, , , , ,1, , , , , , , , ,1,0,0,0,0,0,0,1,1,1,1,1500,0, , , , ,1500,1500,1,361.49401084048
2016,07,017849,006,0126,11,03,0,0,16041103,3,1,2, ,2,38,6,5, ,3,1,3,7,2016,9,7,2016,17,10,1977,1, , , , , , , , , , , , , ,984,2100,4,5,1,35,1,6,2015,0,9,9,9,9,9,5,50,1, ,1,2,2,300,0, , , , ,1, , , , , , , , ,1,0,0,0,0,0,0,1,6,4,1,1299,0, , , , ,1299,1299,1,340.764980146425
2016,07,017849,006,0126,11,04,0,0,16041104,6,1,2, ,1,14,5,2, ,4,4,3,7,2016,9,7,2016,8,4,2002,2,2,2,0,2,2,2,2,2,2,2,2,1,2,945,3811,5,5,1,2,99,99,2014,3,1,1,1,1,1,3,11,1, ,2,2, , , , , , , , ,2,4,2, , , , ,2,4,0,0,0,0,0,0,1,6,4,4, , , , , , , , ,1,368.591407725778
2016,07,017849,006,0127,11,01,0,0,16041101,1,1,2, ,1,42,6,5, ,1,1,3,7,2016,9,7,2016,26,5,1974,2,1, , , , , , , , , , , , ,436,5229,3,5,2, ,99,99,2012,0,0,0,0,0,0,0,0,2,48,2,2,4,2500,286, , , , ,1, , , , , , , , ,1,0,0,0,0,0,0,1,6,4,1,2500,286, , , , ,2786,2786,1,361.49401084048
2016,07,017849,006,0127,11,02,0,0,16041102,2,1,2, ,2,46,6,5, ,2,2,3,7,2016,9,7,2016,27,11,1969,1, , , , , , , , , , , , , ,984,2100,4,5,1,40,99,99,2011,0,9,9,9,9,9,5,50,1, ,2,2,2,250,0, , , , ,1, , , , , , , , ,1,0,0,0,0,0,0,1,6,4,1,1083,0, , , , ,1083,1083,1,157.420205518158
2016,07,017849,006,0128,11,01,0,0,16041101,1,1,2, ,1,26,6,5, ,1,1,3,7,2016,9,7,2016,25,6,1990,1, , , , , , , , , , , , , ,984,1074,4,5,2, ,3,6,2016,8,8,8,8,8,0,8,48,1, ,1,2,4,850,208, , , , ,1, , , , , , , , ,1,0,0,0,0,0,0,1,4,4,1,850,208, , , , ,1058,1058,1,361.49401084048
2016,07,017849,006,0128,11,02,0,0,16041102,2,1,2, ,2,25,6,5, ,2,2,3,7,2016,9,7,2016,19,3,1991,1, , , , , , , , , , , , , ,423,4773,3,5,1,50,11,3,2016,0,9,9,9,9,9,0,45,1, ,2,2,4,850,0, , , , ,1, , , , , , , , ,1,0,0,0,0,0,0,1,8,4,1,850,0, , , , ,850,850,1,340.764980146425
2016,07,017849,006,0129,11,03,0,0,16041103,3,1,2, ,1,56,10,5, ,3,4,3,7,2016,9,7,2016,24,7,1959,1, , , , , , , , , , , , , ,423,6920,3,5,1,25,99,99,2000,0,8,8,8,8,8,0,40,1, ,2,2,4,1700,0, , , , ,1, , , , , , , , ,1,0,0,0,0,0,0,1,6,4,1,1700,0, , , , ,1700,1700,1,178.721570040169
2016,07,017849,006,0129,11,05,0,0,16041105,3,1,2, ,2,48,6,5, ,5,5,3,7,2016,9,7,2016,4,6,1968,1, , , , , , , , , , , , , ,572,4752,3,5,1,50,99,99,2002,0,8,8,8,8,8,6,46,1, ,1,2,4,1300,0, , , , ,1, , , , , , , , ,1,0,0,0,0,0,0,1,6,4,1,1300,0, , , , ,1300,1300,1,157.420205518158
2016,07,017852,006,0075,11,02,0,0,16041102,3,1,2, ,1,60,10,5, ,2,2,26,6,2016,2,7,2016,5,3,1956,1, , , , , , , , , , , , , ,221,2610,3,5,1,50,99,99,2006,0,8,8,8,8,8,4,44,1, ,1,2,4,3500,0, , , , ,1, , , , , , , , ,1,0,0,0,0,0,0,1,6,4,1,3500,0, , , , ,3500,3500,1,178.721570040169
2016,07,017852,006,0077,22,01,0,0,16042201,1,1,2, ,1,41,8,3, ,1,1,26,6,2016,2,7,2016,17,3,1975,1, , , , , , , , , , , , , ,523,5610,3,5,1,10,99,99,2014,8,6,8,14,8,14,8,66,1, ,2,2,4,1800,0, , ,1500,0,0, , , , , , , , ,1,0,0,0,0,0,0,1,6,4,1,1800,0, , ,1500,0,3300,1800,1,361.49401084048
2016,07,017852,006,0077,22,02,0,0,16042202,2,1,2, ,2,36,6,5, ,2,1,3,7,2016,9,7,2016,10,4,1980,1, , , , , , , , , , , , , ,832,7310,4,5,2, ,99,99,2009,0,8,8,8,8,8,4,44,1, ,1,2,4,1200,0, , , , ,1, , , , , , , , ,1,0,0,0,0,0,0,1,6,4,1,1200,0, , , , ,1200,1200,1,340.764980146425
2016,07,017852,006,0078,11,01,0,0,16041101,1,1,2, ,2,46,8,3, ,1,1,26,6,2016,2,7,2016,29,1,1970,1, , , , , , , , , , , , , ,572,4771,3,5,1,2,15,5,2015,0,9,9,9,9,9,15,60,2,56,1,2,2,200,0, , ,20,0,0, , , , , , , , ,4,0,0,0,0,0,0,1,6,4,1,866,0, , ,20,0,886,866,1,157.420205518158
2016,07,017852,006,0078,11,02,0,0,16041102,3,1,2, ,2,20,6,5, ,2,2,3,7,2016,9,7,2016,7,4,1996,1, , , , , , , , , , , , , ,572,4719,3,5,1,2,1,2,2016,0,0,8,0,0,8,0,16,1, ,1,2,4,173,0, , , , ,1, , , , , , , , ,4,0,0,0,0,0,0,1,6,4,1,173,0, , , , ,173,173,1,541.424108769659
2016,07,017878,006,0133,11,02,0,0,16041102,3,1,2, ,1,52,6,5, ,2,3,10,7,2016,16,7,2016,12,9,1963,1, , , , , , , , , , , , , ,562,8411,3,2,2, ,1,6,2016,8,8,0,8,8,8,8,48,1, ,1,2,4,1100,0, , , , ,1, , , , , , , , ,1,0,0,0,0,0,0,1,6,4,1,1100,0, , , , ,1100,1100,1,178.721570040169
2016,07,017878,006,0133,11,03,0,0,16041103,3,1,2, ,2,50,8,3, ,3,3,10,7,2016,16,7,2016,3,11,1965,1, , , , , , , , , , , , , ,247,8510,3,2,2, ,99,99,1990,0,6,6,6,6,6,0,30,1, ,1,2,4,900,0, , , , ,1, , , , , , , , ,1,0,0,0,0,0,0,1,6,4,1,900,0, , , , ,900,900,1,157.420205518158
2016,07,017878,006,0134,11,01,0,0,16041101,1,1,2, ,1,69,4,5, ,1,2,10,7,2016,16,7,2016,27,2,1947,1, , , , , , , , , , , , , ,942,5610,5,5,1,2,99,99,2013,0,4,4,4,4,4,4,24,1, ,1,2, , , , , , , , , , , , , , , , ,1,0,0,0,0,0,0,1,6,4,1, , , , , , ,0,0,1,178.721570040169
2016,07,017878,006,0134,11,03,0,0,16041103,3,1,2, ,2,36,10,5, ,3,2,10,7,2016,16,7,2016,27,1,1980,1, , , , , , , , , , , , , ,243,8521,3,5,1,35,99,99,2009,0,9,9,6,6,9,3,42,1, ,1,2,4,1100,0, , ,400,0,0, , , , , , , , ,1,0,0,0,0,0,0,1,6,4,1,1100,0, , ,400,0,1500,1100,1,340.764980146425
2016,07,017878,006,0135,11,01,0,0,16041101,1,1,2, ,1,35,8,3, ,1,2,10,7,2016,16,7,2016,11,8,1980,1, , , , , , , , , , , , , ,839,1812,4,5,2, ,99,99,2012,0,9,9,9,9,9,0,45,1, ,1,2,2,350,0, , , , ,1, , , , , , , , ,1,0,0,0,0,0,0,1,6,4,1,1516,0, , , , ,1516,1516,1,361.49401084048
2016,07,017878,006,0136,11,02,0,0,16041102,3,1,2, ,2,46,8,3, ,2,1,10,7,2016,16,7,2016,28,6,1970,1, , , , , , , , , , , , , ,413,4100,3,5,1,50,99,99,2003,0,8,8,8,8,8,5,45,1, ,1,2,4,2000,0, , , , ,1, , , , , , , , ,1,0,0,0,0,0,0,1,6,4,1,2000,0, , , , ,2000,2000,1,157.420205518158
2016,07,017914,006,0123,11,01,0,0,16071101,1,1,2, ,1,57,6,5, ,1,2,26,6,2016,2,7,2016,1,12,1958,1, , , , , , , , , , , , , ,522,5610,4,5,1,5,99,6,2015,10,10,10,10,10,10,10,70,1, ,1,2,2,400,98, , , , ,1, , , , , , , , ,5,0,0,0,0,0,0,1,6,6,1,1732,424, , , , ,2156,2156,1,178.721570040169
2016,07,017914,006,0135,11,01,0,0,16071101,1,1,2, ,1,33,10,5, ,1,2,26,6,2016,2,7,2016,17,10,1982,1, , , , , , , , , , , , , ,127,8411,3,2,2, ,99,99,2007,0,10,8,10,8,10,3,49,1, ,2,2,4,6000,0, , ,1500,0,0, , , , , , , , ,3,0,0,0,0,0,0,1,6,4,1,6000,0, , ,1500,0,7500,6000,1,361.49401084048
2016,07,017914,006,0135,11,02,0,0,16071102,2,1,2, ,2,44,9,3, ,2,2,26,6,2016,2,7,2016,17,4,1972,1, , , , , , , , , , , , , ,442,8411,3,2,2, ,99,99,2009,0,8,8,8,8,8,0,40,1, ,2,2,4,2000,0, , , , ,1, , , , , , , , ,3,0,0,0,0,0,0,1,5,4,1,2000,0, , , , ,2000,2000,1,340.764980146425
2016,07,017914,006,0136,11,01,0,0,16071101,1,1,2, ,1,45,10,5, ,1,1,26,6,2016,2,7,2016,10,12,1970,1, , , , , , , , , , , , , ,231,8411,3,2,2, ,99,2,2016,0,8,8,8,8,8,0,40,1, ,1,2,4,3500,0, , , , ,1, , , , , , , , ,1,0,0,0,0,0,0,1,6,4,1,3500,0, , , , ,3500,3500,1,178.721570040169
2016,07,017915,006,0157,11,02,0,0,16071102,3,1,2, ,2,40,10,6, ,2,2,10,7,2016,16,7,2016,24,6,1976,1, , , , , , , , , , , , , ,254,8423,3,2,2, ,99,99,2010,0,10,10,10,10,10,0,50,1, ,1,2,4,5000,0, , , , ,1, , , , , , , , ,1,0,0,0,0,0,0,1,6,4,1,5000,0, , , , ,5000,5000,1,454.3533068619
2016,07,017915,006,0157,11,03,0,0,16071103,4,1,2, ,1,46,10,6, ,3,2,10,7,2016,16,7,2016,25,2,1970,1, , , , , , , , , , , , , ,254,4210,3,5,2, ,99,99,2000,0,9,9,9,9,9,6,51,1, ,1,2,4,6000,0, , , , ,1, , , , , , , , ,1,0,0,0,0,0,0,1,6,4,1,6000,0, , , , ,6000,6000,1,238.295426720225
2016,07,017915,006,0173,11,01,0,0,16071101,1,1,2, ,1,52,10,5, ,1,2,10,7,2016,16,7,2016,6,12,1963,1, , , , , , , , , , , , , ,241,8530,3,5,2, ,99,99,2013,0,8,8,8,8,8,5,45,1, ,1,2,4,5000,0, , , , ,1, , , , , , , , ,2,0,0,0,0,0,0,1,6,4,1,5000,0, , , , ,5000,5000,1,238.295426720225
2016,07,017915,006,0173,11,02,0,0,16071102,2,1,2, ,2,44,10,5, ,2,2,10,7,2016,16,7,2016,17,4,1972,1, , , , , , , , , , , , , ,411,8530,3,5,2, ,99,99,2006,0,8,8,8,8,8,6,46,1, ,1,2,4,8000,0, , , , ,1, , , , , , , , ,3,0,0,0,0,0,0,1,6,4,1,8000,0, , , , ,8000,8000,1,454.3533068619
2016,07,017928,006,0010,11,02,0,0,16041102,2,1,2, ,2,41,6,5, ,2,2,10,7,2016,16,7,2016,28,3,1975,2,2,2,0,2,2,2,2,2,2,2,2,1,2,572,4761,5,5,1,4,99,99,1999,0,11,11,11,11,11,11,66,1, ,2,2, , , , , , , , , , , , , , , , ,4,0,0,0,0,0,0,1,6,4,1, , , , , , ,0,0,1,340.764980146425
2016,07,017928,006,0010,11,03,0,0,16041103,3,1,2, ,1,17,5,4, ,3,3,10,7,2016,16,7,2016,13,12,1998,2,2,2,0,2,2,2,2,2,2,2,2,1,2,572,4761,5,5,1,4,99,3,2015,0,0,3,3,3,3,3,15,2,18,1,2, , , , , , , , , , , , , , , , ,4,0,0,0,0,0,0,1,7,4,1, , , , , , ,0,0,1,368.591407725778
2016,07,017928,006,0010,11,04,0,0,16041104,3,1,2, ,1,15,5,3, ,4,4,10,7,2016,16,7,2016,21,1,2001,2,2,2,0,2,2,2,2,2,2,2,2,1,2,572,4761,5,5,1,4,99,3,2015,3,0,0,0,0,0,3,6,1, ,2,2, , , , , , , , ,2,4,2, , , , ,2,4,0,0,0,0,0,0,1,6,4,4, , , , , , , , ,1,368.591407725778
2016,07,017928,006,0012,11,03,0,0,16041103,3,1,2, ,1,42,9,3, ,3,1,10,7,2016,16,7,2016,11,8,1973,1, , , , , , , , , , , , , ,423,6920,3,5,1,15,3,1,2016,0,8,8,8,8,8,6,46,1, ,1,2,4,1500,0, , , , ,1, , , , , , , , ,1,0,0,0,0,0,0,1,6,4,1,1500,0, , , , ,1500,1500,1,361.49401084048
2016,07,017928,006,0181,11,02,0,0,16041102,3,1,2, ,1,49,10,5, ,2,2,10,7,2016,16,7,2016,16,9,1966,1, , , , , , , , , , , , , ,242,8521,3,2,2, ,3,3,2016,0,9,9,9,9,9,2,47,1, ,2,2,4,1200,0, , ,150,0,0, , , , , , , , ,1,0,0,0,0,0,0,1,6,4,1,1200,0, , ,150,0,1350,1200,1,178.721570040169
2016,07,017928,006,0181,11,03,0,0,16041103,3,1,2, ,2,68,10,5, ,3,2,10,7,2016,16,7,2016,24,11,1947,1, , , , , , , , , , , , , ,241,8530,3,5,1,30,1,6,2000,0,7,7,7,7,7,0,35,1, ,2,2,4,1800,0, , , , ,1, , , , , , , , ,1,0,0,0,0,0,0,1,6,4,1,1800,0, , , , ,1800,1800,1,157.420205518158
2016,07,017941,006,0236,11,01,0,0,16071101,1,1,2, ,1,45,10,5, ,1,1,10,7,2016,16,7,2016,19,6,1971,1, , , , , , , , , , , , , ,219,4210,3,5,2, ,1,6,2016,0,10,18,10,10,10,10,68,1, ,1,2,4,4500,0, , , , ,1, , , , , , , , ,1,0,0,0,0,0,0,1,6,4,1,4500,0, , , , ,4500,4500,1,178.721570040169
2016,07,017941,006,0238,11,02,0,0,16071102,3,1,2, ,2,47,10,5, ,2,2,10,7,2016,16,7,2016,28,7,1968,2,1, , , , , , , , , , , , ,263,8412,3,2,2, ,99,99,2012,0,0,0,0,0,0,0,0,2,40,1,2,4,4000,0, , , , ,1, , , , , , , , ,1,0,0,0,0,0,0,1,6,4,1,4000,0, , , , ,4000,4000,1,157.420205518158
2016,07,017959,006,0008,11,01,0,0,16071101,1,1,2, ,1,46,8,3, ,1,1,10,7,2016,16,7,2016,14,10,1969,1, , , , , , , , , , , , , ,12,8422,3,1,2, ,9999,9999,1991,0,9,9,9,9,9,0,45,1, ,1,1,4,2800,130, , , , ,1, , , , , , , , ,4,0,0,0,0,0,0,1,6,4,1,2800,130, , , , ,2930,2930,1,178.721570040169
2016,07,017959,006,0008,11,03,0,0,16071103,3,1,2, ,2,17,6,5, ,3,3,10,7,2016,16,7,2016,18,8,1998,2,2,2,0,2,2,2,2,2,2,2,2,1,2,574,4789,5,5,1,3,9999,9999,2014,5,5,5,5,5,0,5,30,1, ,1,2, , , , , , , , , , , , , , , , ,4,0,0,0,0,0,0,1,6,4,1, , , , , , ,0,0,1,404.626550977279
2016,07,017959,006,0008,11,04,0,0,16071104,3,1,2, ,1,14,5,2, ,4,1,10,7,2016,16,7,2016,2,10,2001,2,2,2,0,2,2,2,2,2,2,2,2,1,2,574,4789,5,5,1,3,5,1,2015,4,1,1,1,1,1,4,13,1, ,2,2, , , , , , , , ,2,4,1,2, , , ,1,4,0,0,0,0,0,0,1,6,4,4, , , , , , , , ,1,368.591407725778
2016,07,017959,006,0207,11,01,0,0,16071101,1,1,2, ,1,58,5,2, ,1,1,10,7,2016,16,7,2016,22,3,1958,1, , , , , , , , , , , , , ,945,3811,4,5,1,5,99,99,2012,8,8,8,8,8,8,8,56,1, ,1,2,2,200,49, , , , ,1, , , , , , , , ,5,0,0,0,0,0,0,1,1,4,1,866,212, , , , ,1078,1078,1,178.721570040169
2016,07,017959,006,0208,11,03,0,0,16071103,3,1,2, ,2,35,6,5, ,3,3,10,7,2016,16,7,2016,2,8,1980,1, , , , , , , , , , , , , ,984,1410,4,5,1,30,1,7,2016,0,8,8,8,8,8,8,48,1, ,1,2,4,850,0, , , , ,1, , , , , , , , ,5,0,0,0,0,0,0,1,6,4,1,850,0, , , , ,850,850,1,340.764980146425
2016,07,017959,006,0208,11,06,0,0,16071106,3,1,2, ,2,36,6,5, ,6,6,17,7,2016,23,7,2016,14,10,1979,2,2,2,0,2,2,2,2,1,2,2,2,2,2,572,4772,3,5,1,3,15,5,2016,0,4,0,4,0,0,0,8,1, ,1,2,2,20,14, , , , ,1, , , , , , , , ,4,0,0,0,0,0,0,1,6,4,1,87,61, , , , ,148,148,1,340.764980146425
2016,07,017959,006,0210,11,01,0,0,16071101,1,1,2, ,1,62,4,5, ,1,1,10,7,2016,16,7,2016,18,12,1953,1, , , , , , , , , , , , , ,983,4100,4,5,1,2,13,7,2016,0,0,0,8,8,8,0,24,1, ,2,2,2,200,0, , , , ,1, , , , , , , , ,4,0,0,0,0,0,0,1,5,4,1,866,0, , , , ,866,866,1,178.721570040169
2016,07,017959,006,0210,11,02,0,0,16071102,2,1,2, ,2,62,4,5, ,2,2,10,7,2016,16,7,2016,11,10,1953,1, , , , , , , , , , , , , ,912,5610,3,5,1,3,99,99,2013,0,4,4,4,4,4,0,20,1, ,2,2,3,108,0, , , , ,1, , , , , , , , ,4,0,0,0,0,0,0,1,6,1,1,216,0, , , , ,216,216,1,157.420205518158
2016,07,017959,006,0210,11,04,0,0,16071104,3,1,2, ,2,45,8,3, ,4,4,10,7,2016,16,7,2016,24,11,1970,1, , , , , , , , , , , , , ,945,9499,3,5,2, ,99,99,2013,0,11,11,11,11,11,8,63,1, ,1,2,3,500,0, , ,217,0,0, , , , , , , , ,1,0,0,0,0,0,0,1,6,4,1,1000,0, , ,217,0,1217,1000,1,157.420205518158
2016,07,017959,006,0210,11,06,0,0,16071106,6,1,2, ,2,23,7,2, ,6,6,10,7,2016,16,7,2016,15,12,1992,1, , , , , , , , , , , , , ,451,7830,3,4,2, ,99,99,2014,0,9,9,9,9,9,9,54,1, ,1,2,4,1000,0, , , , ,1, , , , , , , , ,4,0,0,0,0,0,0,1,6,4,1,1000,0, , , , ,1000,1000,1,404.626550977279
2016,07,017965,006,0002,11,07,0,0,16071107,9,1,2, ,1,23,6,5, ,7,7,17,7,2016,23,7,2016,7,5,1993,1, , , , , , , , , , , , , ,564,8010,3,5,2, ,4,7,2016,12,12,12,12,0,12,12,72,1, ,2,2,4,1200,0, , , , ,1, , , , , , , , ,5,0,0,0,0,0,0,1,6,4,1,1200,0, , , , ,1200,1200,1,368.591407725778
2016,07,017965,006,0004,11,01,0,0,16071101,1,1,2, ,1,70,6,5, ,1,1,17,7,2016,23,7,2016,18,9,1945,1, , , , , , , , , , , , , ,782,4520,4,5,1,5,99,99,2014,0,8,8,8,8,8,6,46,1, ,2,2,2,200,30, , , , ,1, , , , , , , , ,1,0,0,0,0,0,0,1,6,4,1,866,130, , , , ,996,996,1,178.721570040169
2016,07,017965,006,0004,11,03,0,0,16071103,3,1,2, ,1,34,6,5, ,3,4,17,7,2016,23,7,2016,7,10,1981,1, , , , , , , , , , , , , ,572,4730,3,5,1,15,99,99,2014,11,11,11,0,11,11,11,66,1, ,1,2,4,900,0, , , , ,1, , , , , , , , ,1,0,0,0,0,0,0,1,6,4,1,900,0, , , , ,900,900,1,361.49401084048
2016,07,017965,006,0004,11,08,0,0,16071108,3,1,2, ,2,36,8,3, ,8,4,17,7,2016,23,7,2016,8,6,1980,1, , , , , , , , , , , , , ,244,8510,3,5,1,14,5,3,2016,0,8,8,8,8,8,0,40,1, ,1,1,4,850,0, , , , ,1, , , , , , , , ,5,0,0,0,0,0,0,1,6,4,1,850,0, , , , ,850,850,1,340.764980146425
2016,07,017965,006,0005,11,01,0,0,16071101,1,1,2, ,1,53,4,5, ,1,1,17,7,2016,23,7,2016,22,1,1963,1, , , , , , , , , , , , , ,952,1410,3,5,1,25,99,99,2008,12,12,12,0,12,12,12,72,1, ,2,2,4,1100,0, , , , ,1, , , , , , , , ,5,0,0,0,0,0,0,1,6,4,1,1100,0, , , , ,1100,1100,1,178.721570040169
2016,07,017965,006,0005,11,02,0,0,16071102,2,1,2, ,2,30,8,3, ,2,2,17,7,2016,23,7,2016,17,6,1986,1, , , , , , , , , , , , , ,571,1410,3,5,1,15,99,99,2012,7,9,9,9,9,9,9,61,2,50,1,1,2,250,0, , , , ,1, , , , , , , , ,5,0,0,0,0,0,0,1,4,4,1,1083,0, , , , ,1083,1083,1,340.764980146425
2016,07,017965,006,0005,11,03,0,0,16071103,3,1,2, ,1,24,6,5, ,3,2,17,7,2016,23,7,2016,15,4,1992,1, , , , , , , , , , , , , ,945,4711,3,5,2, ,99,99,2014,0,9,9,9,9,9,9,54,1, ,1,2,4,1000,0, , , , ,1, , , , , , , , ,1,0,0,0,0,0,0,1,6,4,1,1000,0, , , , ,1000,1000,1,368.591407725778
2016,07,017965,006,0006,11,02,0,0,16071102,2,1,2, ,2,52,10,5, ,2,4,17,7,2016,23,7,2016,24,12,1963,1, , , , , , , , , , , , , ,423,9491,3,5,2, ,99,99,2012,0,8,8,8,8,8,0,40,1, ,1,2,4,1100,0, , , , ,1, , , , , , , , ,1,0,0,0,0,0,0,1,6,4,1,1100,0, , , , ,1100,1100,1,157.420205518158
2016,07,017965,006,0006,11,04,0,0,16071104,3,1,2, ,2,21,9,2, ,4,4,17,7,2016,23,7,2016,31,3,1995,1, , , , , , , , , , , , , ,523,5629,3,5,1,4,1,1,2016,0,6,6,6,6,6,0,30,1, ,1,2,2,100,30, , , , ,1, , , , , , , , ,5,0,0,0,0,0,0,1,6,4,1,433,130, , , , ,563,563,1,404.626550977279
